{
  "parameters": {
    "n": 3,
    "m": 2,
    "v": 1,
    "o_j": [
      2,
      2,
      2
    ],
    "B_max": [
      50
    ],
    "B_min": [
      10
    ],
    "big_M": 1000,
    "p_jhi": {
      "(0, 0, 0)": 4,
      "(0, 0, 1)": 5,
      "(0, 1, 0)": 4,
      "(0, 1, 1)": 2,
      "(1, 0, 0)": 3,
      "(1, 0, 1)": 3,
      "(1, 1, 0)": 2,
      "(1, 1, 1)": 2,
      "(2, 0, 0)": 4,
      "(2, 0, 1)": 5,
      "(2, 1, 0)": 4,
      "(2, 1, 1)": 5
    },
    "e_machine_jhi": {
      "(0, 0, 0)": 1.2965429868602327,
      "(0, 0, 1)": 1.0986584841970366,
      "(0, 1, 0)": 0.5999749158180029,
      "(0, 1, 1)": 1.1011150117432087,
      "(1, 0, 0)": 0.5564115790271003,
      "(1, 0, 1)": 0.7123391106782762,
      "(1, 1, 0)": 1.1174815096277166,
      "(1, 1, 1)": 0.9319450186421158,
      "(2, 0, 0)": 0.8998609717152555,
      "(2, 0, 1)": 0.8663618432936917,
      "(2, 1, 0)": 1.1183860093330873,
      "(2, 1, 1)": 1.0924145688620426
    },
    "c_jhi": {
      "(0, 0, 0)": 1.2751521847992457,
      "(0, 0, 1)": 1.2340279606636548,
      "(0, 1, 0)": 1.6888733379488008,
      "(0, 1, 1)": 2.0621088666940683,
      "(1, 0, 0)": 2.082998158400237,
      "(1, 0, 1)": 1.2727374508106508,
      "(1, 1, 0)": 1.9174797407324213,
      "(1, 1, 1)": 1.4368437102970628,
      "(2, 0, 0)": 1.069998494820423,
      "(2, 0, 1)": 1.6841049763255538,
      "(2, 1, 0)": 1.573692986900744,
      "(2, 1, 1)": 1.0696756190799965
    },
    "e_AGV_jh": {
      "job0_op0": 0.08037724259507192,
      "job0_op1": 0.07252496259847716,
      "job1_op0": 0.09744427686266667,
      "job1_op1": 0.07816441089227696,
      "job2_op0": 0.06523068845866854,
      "job2_op1": 0.061544691281107455
    },
    "tt_jh": {
      "job0_op0": 1,
      "job0_op1": 2,
      "job1_op0": 2,
      "job1_op1": 2,
      "job2_op0": 1,
      "job2_op1": 2
    },
    "q_jh": {
      "job0_op0": 1,
      "job0_op1": 1,
      "job1_op0": 1,
      "job1_op1": 1,
      "job2_op0": 1,
      "job2_op1": 1
    },
    "r_j": [
      0,
      0,
      0
    ],
    "d_j": [
      21,
      22,
      17
    ],
    "pi_j": [
      1.0,
      1.0,
      1.0
    ],
    "Q_v": [
      5
    ]
  },
  "solution": {
    "makespan": 16.0,
    "energy": 20.227261878762576,
    "cost": 26.59149217249587,
    "load_balance": 12.0,
    "machine_assignments": {
      "job0_op0": 0,
      "job0_op1": 1,
      "job1_op0": 1,
      "job1_op1": 1,
      "job2_op0": 0,
      "job2_op1": 0
    },
    "agv_assignments": {
      "job0_op0": 0,
      "job0_op1": 0,
      "job1_op0": 0,
      "job1_op1": 0,
      "job2_op0": 0,
      "job2_op1": 0
    },
    "schedule": {
      "job0_op0_machine": {
        "machine": 0,
        "start": 1.0,
        "end": 5.0
      },
      "job0_op1_machine": {
        "machine": 1,
        "start": 5.0,
        "end": 7.0
      },
      "job1_op0_machine": {
        "machine": 1,
        "start": 7.0,
        "end": 10.0
      },
      "job1_op1_machine": {
        "machine": 1,
        "start": 10.0,
        "end": 12.0
      },
      "job2_op0_machine": {
        "machine": 0,
        "start": 8.0,
        "end": 12.0
      },
      "job2_op1_machine": {
        "machine": 0,
        "start": 12.0,
        "end": 16.0
      },
      "job0_op0_transport": {
        "agv": 0,
        "start": 0.0,
        "end": 1.0,
        "battery": 40.0
      },
      "job0_op1_transport": {
        "agv": 0,
        "start": 1.0,
        "end": 3.0,
        "battery": 39.91962275740502
      },
      "job1_op0_transport": {
        "agv": 0,
        "start": 3.0,
        "end": 5.0,
        "battery": 39.77457283220815
      },
      "job1_op1_transport": {
        "agv": 0,
        "start": 5.0,
        "end": 7.0,
        "battery": 10.221559510243424
      },
      "job2_op0_transport": {
        "agv": 0,
        "start": 7.0,
        "end": 8.0,
        "battery": 10.065230688458769
      },
      "job2_op1_transport": {
        "agv": 0,
        "start": 8.0,
        "end": 10.0,
        "battery": 10.0
      }
    },
    "times": [
      1.0,
      5.0,
      5.0,
      7.0,
      7.0,
      10.0,
      10.0,
      12.0,
      8.0,
      12.0,
      12.0,
      16.0,
      0.0,
      1.0,
      1.0,
      3.0,
      3.0,
      5.0,
      5.0,
      7.0,
      7.0,
      8.0,
      8.0,
      10.0
    ],
    "battery_levels": {
      "job0_op0": 40.0,
      "job0_op1": 39.91962275740502,
      "job1_op0": 39.77457283220815,
      "job1_op1": 10.221559510243424,
      "job2_op0": 10.065230688458769,
      "job2_op1": 10.0
    }
  },
  "performance_metrics": {
    "makespan_gap": 0.6842105263157895,
    "energy_gap": 0.0649001688501509,
    "cost_gap": 0.7727661448330579,
    "solve_time": 0.013520240783691406,
    "objective_value": 0.7625540764131551,
    "mip_gap": 0.0,
    "node_count": 1.0
  },
  "solve_time": 0.013520240783691406
}